"filename", "language", "C++", "Ini", "Markdown", "JSON", "comment", "blank", "total"
"e:\OneDrive\vscode\zyudou\M5-controll\.VSCodeCounter\2025-07-28_02-06-30\details.md", "Markdown", 0, 0, -21, 0, 0, -6, -27
"e:\OneDrive\vscode\zyudou\M5-controll\.VSCodeCounter\2025-07-28_02-06-30\diff-details.md", "Markdown", 0, 0, -9, 0, 0, -6, -15
"e:\OneDrive\vscode\zyudou\M5-controll\.VSCodeCounter\2025-07-28_02-06-30\diff.md", "Markdown", 0, 0, -12, 0, 0, -7, -19
"e:\OneDrive\vscode\zyudou\M5-controll\.VSCodeCounter\2025-07-28_02-06-30\results.json", "JSON", 0, 0, 0, -1, 0, 0, -1
"e:\OneDrive\vscode\zyudou\M5-controll\.VSCodeCounter\2025-07-28_02-06-30\results.md", "Markdown", 0, 0, -17, 0, 0, -7, -24
"e:\OneDrive\vscode\zyudou\M5-controll\platformio.ini", "Ini", 0, -21, 0, 0, -9, -5, -35
"e:\OneDrive\vscode\zyudou\M5-controll\src\can.cpp", "C++", -59, 0, 0, 0, -6, -12, -77
"e:\OneDrive\vscode\zyudou\M5-controll\src\can.hpp", "C++", -26, 0, 0, 0, -2, -5, -33
"e:\OneDrive\vscode\zyudou\M5-controll\src\control.cpp", "C++", -803, 0, 0, 0, -28, -98, -929
"e:\OneDrive\vscode\zyudou\M5-controll\src\control.hpp", "C++", -19, 0, 0, 0, -2, -4, -25
"e:\OneDrive\vscode\zyudou\M5-controll\src\display.cpp", "C++", -45, 0, 0, 0, 0, -6, -51
"e:\OneDrive\vscode\zyudou\M5-controll\src\display.hpp", "C++", -11, 0, 0, 0, -2, -5, -18
"e:\OneDrive\vscode\zyudou\M5-controll\src\imu.cpp", "C++", -68, 0, 0, 0, -14, -23, -105
"e:\OneDrive\vscode\zyudou\M5-controll\src\imu.hpp", "C++", -13, 0, 0, 0, 0, -3, -16
"e:\OneDrive\vscode\zyudou\M5-controll\src\main.cpp", "C++", -73, 0, 0, 0, 0, -7, -80
"e:\OneDrive\vscode\zyudou\M5-controll\src\sd.cpp", "C++", 0, 0, 0, 0, 0, -1, -1
"e:\OneDrive\vscode\zyudou\M5-controll\src\sd.hpp", "C++", -3, 0, 0, 0, 0, -1, -4
"e:\OneDrive\vscode\zyudou\simpleFOC_CAN_DOB\.VSCodeCounter\2025-07-28_02-06-57\details.md", "Markdown", 0, 0, 26, 0, 0, 6, 32
"e:\OneDrive\vscode\zyudou\simpleFOC_CAN_DOB\.VSCodeCounter\2025-07-28_02-06-57\diff-details.md", "Markdown", 0, 0, 9, 0, 0, 6, 15
"e:\OneDrive\vscode\zyudou\simpleFOC_CAN_DOB\.VSCodeCounter\2025-07-28_02-06-57\diff.md", "Markdown", 0, 0, 12, 0, 0, 7, 19
"e:\OneDrive\vscode\zyudou\simpleFOC_CAN_DOB\.VSCodeCounter\2025-07-28_02-06-57\results.json", "JSON", 0, 0, 0, 1, 0, 0, 1
"e:\OneDrive\vscode\zyudou\simpleFOC_CAN_DOB\.VSCodeCounter\2025-07-28_02-06-57\results.md", "Markdown", 0, 0, 21, 0, 0, 7, 28
"e:\OneDrive\vscode\zyudou\simpleFOC_CAN_DOB\platformio.ini", "Ini", 0, 12, 0, 0, 9, 2, 23
"e:\OneDrive\vscode\zyudou\simpleFOC_CAN_DOB\src\can.cpp", "C++", 62, 0, 0, 0, 4, 14, 80
"e:\OneDrive\vscode\zyudou\simpleFOC_CAN_DOB\src\can.hpp", "C++", 17, 0, 0, 0, 2, 5, 24
"e:\OneDrive\vscode\zyudou\simpleFOC_CAN_DOB\src\dob.cpp", "C++", 118, 0, 0, 0, 51, 38, 207
"e:\OneDrive\vscode\zyudou\simpleFOC_CAN_DOB\src\dob.hpp", "C++", 41, 0, 0, 0, 7, 10, 58
"e:\OneDrive\vscode\zyudou\simpleFOC_CAN_DOB\src\main.cpp", "C++", 400, 0, 0, 0, 159, 82, 641
"Total", "-", -482, -9, 9, 0, 169, -19, -332