"filename", "language", "Ini", "C++", "Markdown", "JSON", "comment", "blank", "total"
"e:\OneDrive\vscode\zyudou\M5-controll\.VSCodeCounter\2025-07-28_02-06-30\details.md", "Markdown", 0, 0, 21, 0, 0, 6, 27
"e:\OneDrive\vscode\zyudou\M5-controll\.VSCodeCounter\2025-07-28_02-06-30\diff-details.md", "Markdown", 0, 0, 9, 0, 0, 6, 15
"e:\OneDrive\vscode\zyudou\M5-controll\.VSCodeCounter\2025-07-28_02-06-30\diff.md", "Markdown", 0, 0, 12, 0, 0, 7, 19
"e:\OneDrive\vscode\zyudou\M5-controll\.VSCodeCounter\2025-07-28_02-06-30\results.json", "JSON", 0, 0, 0, 1, 0, 0, 1
"e:\OneDrive\vscode\zyudou\M5-controll\.VSCodeCounter\2025-07-28_02-06-30\results.md", "Markdown", 0, 0, 17, 0, 0, 7, 24
"e:\OneDrive\vscode\zyudou\M5-controll\platformio.ini", "Ini", 21, 0, 0, 0, 9, 5, 35
"e:\OneDrive\vscode\zyudou\M5-controll\src\can.cpp", "C++", 0, 59, 0, 0, 6, 12, 77
"e:\OneDrive\vscode\zyudou\M5-controll\src\can.hpp", "C++", 0, 26, 0, 0, 2, 5, 33
"e:\OneDrive\vscode\zyudou\M5-controll\src\control.cpp", "C++", 0, 803, 0, 0, 28, 98, 929
"e:\OneDrive\vscode\zyudou\M5-controll\src\control.hpp", "C++", 0, 19, 0, 0, 2, 4, 25
"e:\OneDrive\vscode\zyudou\M5-controll\src\display.cpp", "C++", 0, 45, 0, 0, 0, 6, 51
"e:\OneDrive\vscode\zyudou\M5-controll\src\display.hpp", "C++", 0, 11, 0, 0, 2, 5, 18
"e:\OneDrive\vscode\zyudou\M5-controll\src\imu.cpp", "C++", 0, 68, 0, 0, 14, 23, 105
"e:\OneDrive\vscode\zyudou\M5-controll\src\imu.hpp", "C++", 0, 13, 0, 0, 0, 3, 16
"e:\OneDrive\vscode\zyudou\M5-controll\src\main.cpp", "C++", 0, 73, 0, 0, 0, 7, 80
"e:\OneDrive\vscode\zyudou\M5-controll\src\sd.cpp", "C++", 0, 0, 0, 0, 0, 1, 1
"e:\OneDrive\vscode\zyudou\M5-controll\src\sd.hpp", "C++", 0, 3, 0, 0, 0, 1, 4
"Total", "-", 21, 1120, 59, 1, 63, 196, 1460